{
  "full": {
    "n_seeds": 50,
    "metrics": {
      "episode_reward_mean": {
        "mean": -0.82816,
        "std": 1.7134770374235475,
        "ci95": 0.4749516031672934,
        "n": 50
      },
      "trust_stability": {
        "mean": 0.5318333333333334,
        "std": 0.02987786931543033,
        "ci95": 0.008281722848135732,
        "n": 50
      },
      "deception_rate": {
        "mean": 0.6,
        "std": 0.12121830534626529,
        "ci95": 0.0336,
        "n": 50
      },
      "deception_detection_rate": {
        "mean": 0.0,
        "std": 0.0,
        "ci95": 0.0,
        "n": 50
      },
      "fairness": {
        "mean": 0.6409914616638368,
        "std": 0.07825038620352015,
        "ci95": 0.02168990045627034,
        "n": 50
      },
      "efficiency": {
        "mean": 1.0,
        "std": 5.93439168722175e-17,
        "ci95": 1.6449294528666177e-17,
        "n": 50
      },
      "long_term_payoff": {
        "mean": -0.5069966666666665,
        "std": 1.3762768186334957,
        "ci95": 0.38148447112827244,
        "n": 50
      },
      "detection_precision": {
        "mean": 0.0,
        "std": 0.0,
        "ci95": 0.0,
        "n": 50
      },
      "detection_recall": {
        "mean": 0.0,
        "std": 0.0,
        "ci95": 0.0,
        "n": 50
      },
      "detection_f1": {
        "mean": 0.0,
        "std": 0.0,
        "ci95": 0.0,
        "n": 50
      },
      "total_lies": {
        "mean": 2.48,
        "std": 0.5799366608624126,
        "ci95": 0.16075024105736202,
        "n": 50
      },
      "total_successful_deceptions": {
        "mean": 0.08,
        "std": 0.27404751561786966,
        "ci95": 0.075962095811003,
        "n": 50
      },
      "steps": {
        "mean": 4.12,
        "std": 0.32826072265931594,
        "ci95": 0.09098923013192275,
        "n": 50
      }
    }
  },
  "no_oversight": {
    "n_seeds": 50,
    "metrics": {
      "episode_reward_mean": {
        "mean": -0.82816,
        "std": 1.7134770374235475,
        "ci95": 0.4749516031672934,
        "n": 50
      },
      "trust_stability": {
        "mean": 0.5318333333333334,
        "std": 0.02987786931543033,
        "ci95": 0.008281722848135732,
        "n": 50
      },
      "deception_rate": {
        "mean": 0.6,
        "std": 0.12121830534626529,
        "ci95": 0.0336,
        "n": 50
      },
      "deception_detection_rate": {
        "mean": 0.0,
        "std": 0.0,
        "ci95": 0.0,
        "n": 50
      },
      "fairness": {
        "mean": 0.6409914616638368,
        "std": 0.07825038620352015,
        "ci95": 0.02168990045627034,
        "n": 50
      },
      "efficiency": {
        "mean": 1.0,
        "std": 5.93439168722175e-17,
        "ci95": 1.6449294528666177e-17,
        "n": 50
      },
      "long_term_payoff": {
        "mean": -0.5069966666666665,
        "std": 1.3762768186334957,
        "ci95": 0.38148447112827244,
        "n": 50
      },
      "detection_precision": {
        "mean": 0.0,
        "std": 0.0,
        "ci95": 0.0,
        "n": 50
      },
      "detection_recall": {
        "mean": 0.0,
        "std": 0.0,
        "ci95": 0.0,
        "n": 50
      },
      "detection_f1": {
        "mean": 0.0,
        "std": 0.0,
        "ci95": 0.0,
        "n": 50
      },
      "total_lies": {
        "mean": 2.48,
        "std": 0.5799366608624126,
        "ci95": 0.16075024105736202,
        "n": 50
      },
      "total_successful_deceptions": {
        "mean": 0.08,
        "std": 0.27404751561786966,
        "ci95": 0.075962095811003,
        "n": 50
      },
      "steps": {
        "mean": 4.12,
        "std": 0.32826072265931594,
        "ci95": 0.09098923013192275,
        "n": 50
      }
    }
  },
  "no_deception_reward": {
    "n_seeds": 50,
    "metrics": {
      "episode_reward_mean": {
        "mean": -0.82816,
        "std": 1.7134770374235475,
        "ci95": 0.4749516031672934,
        "n": 50
      },
      "trust_stability": {
        "mean": 0.5318333333333334,
        "std": 0.02987786931543033,
        "ci95": 0.008281722848135732,
        "n": 50
      },
      "deception_rate": {
        "mean": 0.6,
        "std": 0.12121830534626529,
        "ci95": 0.0336,
        "n": 50
      },
      "deception_detection_rate": {
        "mean": 0.0,
        "std": 0.0,
        "ci95": 0.0,
        "n": 50
      },
      "fairness": {
        "mean": 0.6409914616638368,
        "std": 0.07825038620352015,
        "ci95": 0.02168990045627034,
        "n": 50
      },
      "efficiency": {
        "mean": 1.0,
        "std": 5.93439168722175e-17,
        "ci95": 1.6449294528666177e-17,
        "n": 50
      },
      "long_term_payoff": {
        "mean": -0.5069966666666665,
        "std": 1.3762768186334957,
        "ci95": 0.38148447112827244,
        "n": 50
      },
      "detection_precision": {
        "mean": 0.0,
        "std": 0.0,
        "ci95": 0.0,
        "n": 50
      },
      "detection_recall": {
        "mean": 0.0,
        "std": 0.0,
        "ci95": 0.0,
        "n": 50
      },
      "detection_f1": {
        "mean": 0.0,
        "std": 0.0,
        "ci95": 0.0,
        "n": 50
      },
      "total_lies": {
        "mean": 2.48,
        "std": 0.5799366608624126,
        "ci95": 0.16075024105736202,
        "n": 50
      },
      "total_successful_deceptions": {
        "mean": 0.08,
        "std": 0.27404751561786966,
        "ci95": 0.075962095811003,
        "n": 50
      },
      "steps": {
        "mean": 4.12,
        "std": 0.32826072265931594,
        "ci95": 0.09098923013192275,
        "n": 50
      }
    }
  },
  "no_trust_updates": {
    "n_seeds": 50,
    "metrics": {
      "episode_reward_mean": {
        "mean": -0.8360822222222223,
        "std": 1.7127627431112498,
        "ci95": 0.4747536108853138,
        "n": 50
      },
      "trust_stability": {
        "mean": 0.5,
        "std": 0.0,
        "ci95": 0.0,
        "n": 50
      },
      "deception_rate": {
        "mean": 0.6,
        "std": 0.12121830534626529,
        "ci95": 0.0336,
        "n": 50
      },
      "deception_detection_rate": {
        "mean": 0.0,
        "std": 0.0,
        "ci95": 0.0,
        "n": 50
      },
      "fairness": {
        "mean": 0.6409914616638368,
        "std": 0.07825038620352015,
        "ci95": 0.02168990045627034,
        "n": 50
      },
      "efficiency": {
        "mean": 1.0,
        "std": 5.93439168722175e-17,
        "ci95": 1.6449294528666177e-17,
        "n": 50
      },
      "long_term_payoff": {
        "mean": -0.5155133333333333,
        "std": 1.374707083246424,
        "ci95": 0.38104936267782064,
        "n": 50
      },
      "detection_precision": {
        "mean": 0.0,
        "std": 0.0,
        "ci95": 0.0,
        "n": 50
      },
      "detection_recall": {
        "mean": 0.0,
        "std": 0.0,
        "ci95": 0.0,
        "n": 50
      },
      "detection_f1": {
        "mean": 0.0,
        "std": 0.0,
        "ci95": 0.0,
        "n": 50
      },
      "total_lies": {
        "mean": 2.48,
        "std": 0.5799366608624126,
        "ci95": 0.16075024105736202,
        "n": 50
      },
      "total_successful_deceptions": {
        "mean": 0.0,
        "std": 0.0,
        "ci95": 0.0,
        "n": 50
      },
      "steps": {
        "mean": 4.12,
        "std": 0.32826072265931594,
        "ci95": 0.09098923013192275,
        "n": 50
      }
    }
  },
  "no_belief_updates": {
    "n_seeds": 50,
    "metrics": {
      "episode_reward_mean": {
        "mean": -0.82816,
        "std": 1.7134770374235475,
        "ci95": 0.4749516031672934,
        "n": 50
      },
      "trust_stability": {
        "mean": 0.5318333333333334,
        "std": 0.02987786931543033,
        "ci95": 0.008281722848135732,
        "n": 50
      },
      "deception_rate": {
        "mean": 0.6,
        "std": 0.12121830534626529,
        "ci95": 0.0336,
        "n": 50
      },