{
  "full": {
    "n_seeds": 24,
    "metrics": {
      "episode_reward_mean": {
        "mean": -1.84444375,
        "std": 0.5412157638409022,
        "ci95": 0.2165314021529393,
        "n": 24
      },
      "trust_stability": {
        "mean": 0.5132916666666666,
        "std": 0.015920943730676356,
        "ci95": 0.0063697040994075815,
        "n": 24
      },
      "deception_rate": {
        "mean": 0.6069444444444444,
        "std": 0.03402069087198858,
        "ci95": 0.013611111111111109,
        "n": 24
      },
      "deception_detection_rate": {
        "mean": 0.0,
        "std": 0.0,
        "ci95": 0.0,
        "n": 24
      },
      "fairness": {
        "mean": 0.5146032610567991,
        "std": 0.05864497899708656,
        "ci95": 0.023462878171452747,
        "n": 24
      },
      "efficiency": {
        "mean": 1.0,
        "std": 5.670507601865373e-17,
        "ci95": 2.268675533833401e-17,
        "n": 24
      },
      "long_term_payoff": {
        "mean": -1.2954716666666666,
        "std": 0.4364835460783161,
        "ci95": 0.1746297882720358,
        "n": 24
      },
      "detection_precision": {
        "mean": 0.0,
        "std": 0.0,
        "ci95": 0.0,
        "n": 24
      },
      "detection_recall": {
        "mean": 0.0,
        "std": 0.0,
        "ci95": 0.0,
        "n": 24
      },
      "detection_f1": {
        "mean": 0.0,
        "std": 0.0,
        "ci95": 0.0,
        "n": 24
      },
      "total_lies": {
        "mean": 3.1666666666666665,
        "std": 0.3806934938134405,
        "ci95": 0.15230911867925123,
        "n": 24
      },
      "total_successful_deceptions": {
        "mean": 0.0,
        "std": 0.0,
        "ci95": 0.0,
        "n": 24
      },
      "steps": {
        "mean": 5.208333333333333,
        "std": 0.41485111699905347,
        "ci95": 0.16597501412564986,
        "n": 24
      }
    }
  },
  "no_oversight": {
    "n_seeds": 24,
    "metrics": {
      "episode_reward_mean": {
        "mean": -1.84444375,
        "std": 0.5412157638409022,
        "ci95": 0.2165314021529393,
        "n": 24
      },
      "trust_stability": {
        "mean": 0.5132916666666666,
        "std": 0.015920943730676356,
        "ci95": 0.0063697040994075815,
        "n": 24
      },
      "deception_rate": {
        "mean": 0.6069444444444444,
        "std": 0.03402069087198858,
        "ci95": 0.013611111111111109,
        "n": 24
      },
      "deception_detection_rate": {
        "mean": 0.0,
        "std": 0.0,
        "ci95": 0.0,
        "n": 24
      },
      "fairness": {
        "mean": 0.5146032610567991,
        "std": 0.05864497899708656,
        "ci95": 0.023462878171452747,
        "n": 24
      },
      "efficiency": {
        "mean": 1.0,
        "std": 5.670507601865373e-17,
        "ci95": 2.268675533833401e-17,
        "n": 24
      },
      "long_term_payoff": {
        "mean": -1.2954716666666666,
        "std": 0.4364835460783161,
        "ci95": 0.1746297882720358,
        "n": 24
      },
      "detection_precision": {
        "mean": 0.0,
        "std": 0.0,
        "ci95": 0.0,
        "n": 24
      },
      "detection_recall": {
        "mean": 0.0,
        "std": 0.0,
        "ci95": 0.0,
        "n": 24
      },
      "detection_f1": {
        "mean": 0.0,
        "std": 0.0,
        "ci95": 0.0,
        "n": 24
      },
      "total_lies": {
        "mean": 3.1666666666666665,
        "std": 0.3806934938134405,
        "ci95": 0.15230911867925123,
        "n": 24
      },
      "total_successful_deceptions": {
        "mean": 0.0,
        "std": 0.0,
        "ci95": 0.0,
        "n": 24
      },
      "steps": {
        "mean": 5.208333333333333,
        "std": 0.41485111699905347,
        "ci95": 0.16597501412564986,
        "n": 24
      }
    }
  },
  "no_deception_reward": {
    "n_seeds": 24,
    "metrics": {
      "episode_reward_mean": {
        "mean": -1.84444375,
        "std": 0.5412157638409022,
        "ci95": 0.2165314021529393,
        "n": 24
      },
      "trust_stability": {
        "mean": 0.5132916666666666,
        "std": 0.015920943730676356,
        "ci95": 0.0063697040994075815,
        "n": 24
      },
      "deception_rate": {
        "mean": 0.6069444444444444,
        "std": 0.03402069087198858,
        "ci95": 0.013611111111111109,
        "n": 24
      },
      "deception_detection_rate": {
        "mean": 0.0,
        "std": 0.0,
        "ci95": 0.0,
        "n": 24
      },
      "fairness": {
        "mean": 0.5146032610567991,
        "std": 0.05864497899708656,
        "ci95": 0.023462878171452747,
        "n": 24
      },
      "efficiency": {
        "mean": 1.0,
        "std": 5.670507601865373e-17,
        "ci95": 2.268675533833401e-17,
        "n": 24
      },
      "long_term_payoff": {
        "mean": -1.2954716666666666,
        "std": 0.4364835460783161,
        "ci95": 0.1746297882720358,
        "n": 24
      },
      "detection_precision": {
        "mean": 0.0,
        "std": 0.0,
        "ci95": 0.0,
        "n": 24
      },
      "detection_recall": {
        "mean": 0.0,
        "std": 0.0,
        "ci95": 0.0,
        "n": 24
      },
      "detection_f1": {
        "mean": 0.0,
        "std": 0.0,
        "ci95": 0.0,
        "n": 24
      },
      "total_lies": {
        "mean": 3.1666666666666665,
        "std": 0.3806934938134405,
        "ci95": 0.15230911867925123,
        "n": 24
      },
      "total_successful_deceptions": {
        "mean": 0.0,
        "std": 0.0,
        "ci95": 0.0,
        "n": 24
      },
      "steps": {
        "mean": 5.208333333333333,
        "std": 0.41485111699905347,
        "ci95": 0.16597501412564986,
        "n": 24
      }
    }
  },
  "no_trust_updates": {
    "n_seeds": 24,
    "metrics": {
      "episode_reward_mean": {
        "mean": -1.6423447916666667,
        "std": 0.9017885689618608,
        "ci95": 0.36079056880576243,
        "n": 24
      },
      "trust_stability": {
        "mean": 0.48258333333333336,
        "std": 0.004190223265470808,
        "ci95": 0.0016764384550945562,
        "n": 24
      },
      "deception_rate": {
        "mean": 0.6069444444444444,
        "std": 0.03402069087198858,
        "ci95": 0.013611111111111109,
        "n": 24
      },
      "deception_detection_rate": {
        "mean": 0.0,
        "std": 0.0,
        "ci95": 0.0,
        "n": 24
      },
      "fairness": {
        "mean": 0.5125487684532484,
        "std": 0.05479669499390164,
        "ci95": 0.021923243913243465,
        "n": 24
      },
      "efficiency": {
        "mean": 0.9967900923824287,
        "std": 0.015725271569044873,
        "ci95": 0.006291418930439707,
        "n": 24
      },
      "long_term_payoff": {
        "mean": -1.1357091666666668,
        "std": 0.7212625473909211,
        "ci95": 0.28856511790899547,
        "n": 24
      },
      "detection_precision": {
        "mean": 0.0,
        "std": 0.0,
        "ci95": 0.0,
        "n": 24
      },
      "detection_recall": {
        "mean": 0.0,
        "std": 0.0,
        "ci95": 0.0,
        "n": 24
      },
      "detection_f1": {
        "mean": 0.0,
        "std": 0.0,
        "ci95": 0.0,
        "n": 24
      },
      "total_lies": {
        "mean": 3.1666666666666665,
        "std": 0.3806934938134405,
        "ci95": 0.15230911867925123,
        "n": 24
      },
      "total_successful_deceptions": {
        "mean": 0.0,
        "std": 0.0,
        "ci95": 0.0,
        "n": 24
      },
      "steps": {
        "mean": 5.208333333333333,
        "std": 0.41485111699905347,
        "ci95": 0.16597501412564986,
        "n": 24
      }
    }
  },
  "no_belief_updates": {
    "n_seeds": 24,
    "metrics": {
      "episode_reward_mean": {
        "mean": -1.84444375,
        "std": 0.5412157638409022,
        "ci95": 0.2165314021529393,
        "n": 24
      },
      "trust_stability": {
        "mean": 0.5132916666666666,
        "std": 0.015920943730676356,