{
  "full": {
    "n_seeds": 24,
    "metrics": {
      "episode_reward_mean": {
        "mean": -2.208820914715245,
        "std": 1.9893590136945698,
        "ci95": 0.7959093681304912,
        "n": 24
      },
      "trust_stability": {
        "mean": 0.5010554907935078,
        "std": 0.027750894634452374,
        "ci95": 0.011102670187490811,
        "n": 24
      },
      "deception_rate": {
        "mean": 0.8678571428571429,
        "std": 0.13306131672902471,
        "ci95": 0.053235613979865065,
        "n": 24
      },
      "deception_detection_rate": {
        "mean": 0.04662698412698413,
        "std": 0.0955556730611981,
        "ci95": 0.03823023136793077,
        "n": 24
      },
      "fairness": {
        "mean": 0.4684909702826196,
        "std": 0.0829186202490645,
        "ci95": 0.03317435726501679,
        "n": 24
      },
      "efficiency": {
        "mean": 0.9543843656002592,
        "std": 0.09370676984456115,
        "ci95": 0.03749051602205411,
        "n": 24
      },
      "long_term_payoff": {
        "mean": -1.580054762639021,
        "std": 1.5726324346315743,
        "ci95": 0.6291840129070359,
        "n": 24
      },
      "detection_precision": {
        "mean": 0.20238095238095236,
        "std": 0.4038779777128187,
        "ci95": 0.16158484407811521,
        "n": 24
      },
      "detection_recall": {
        "mean": 0.08035714285714286,
        "std": 0.18563497005644608,
        "ci95": 0.07426945599233743,
        "n": 24
      },
      "detection_f1": {
        "mean": 0.10773809523809523,
        "std": 0.22965500790537735,
        "ci95": 0.09188113908635856,
        "n": 24
      },
      "total_lies": {
        "mean": 5.0,
        "std": 1.1420804814403216,
        "ci95": 0.4569273560377538,
        "n": 24
      },
      "total_successful_deceptions": {
        "mean": 0.0,
        "std": 0.0,
        "ci95": 0.0,
        "n": 24
      },
      "steps": {
        "mean": 5.791666666666667,
        "std": 1.1787674722451364,
        "ci95": 0.4716052092905164,
        "n": 24
      }
    }
  },
  "no_oversight": {
    "n_seeds": 24,
    "metrics": {
      "episode_reward_mean": {
        "mean": -2.693148414278219,
        "std": 2.3623183407528834,
        "ci95": 0.9451241756609182,
        "n": 24
      },
      "trust_stability": {
        "mean": 0.5086971694209349,
        "std": 0.042772912061186094,
        "ci95": 0.017112728862597563,
        "n": 24
      },
      "deception_rate": {
        "mean": 0.8033189033189033,
        "std": 0.16036050408678693,
        "ci95": 0.064157563618327,
        "n": 24
      },
      "deception_detection_rate": {
        "mean": 0.0,
        "std": 0.0,
        "ci95": 0.0,
        "n": 24
      },
      "fairness": {
        "mean": 0.43388385220629294,
        "std": 0.09014651312773625,
        "ci95": 0.036066116678162986,
        "n": 24
      },
      "efficiency": {
        "mean": 0.9099811769372295,
        "std": 0.13852533854284363,
        "ci95": 0.055421677993122906,
        "n": 24
      },
      "long_term_payoff": {
        "mean": -1.9601385366519446,
        "std": 1.8809363269636872,
        "ci95": 0.752531259155217,
        "n": 24
      },
      "detection_precision": {
        "mean": 0.0,
        "std": 0.0,
        "ci95": 0.0,
        "n": 24
      },
      "detection_recall": {
        "mean": 0.0,
        "std": 0.0,
        "ci95": 0.0,
        "n": 24
      },
      "detection_f1": {
        "mean": 0.0,
        "std": 0.0,
        "ci95": 0.0,
        "n": 24
      },
      "total_lies": {
        "mean": 4.75,
        "std": 1.3269776053940743,
        "ci95": 0.5309016121082423,
        "n": 24
      },
      "total_successful_deceptions": {
        "mean": 0.0,
        "std": 0.0,
        "ci95": 0.0,
        "n": 24
      },
      "steps": {
        "mean": 5.958333333333333,
        "std": 1.4884823513044847,
        "ci95": 0.5955169677995733,
        "n": 24
      }
    }
  },
  "no_deception_reward": {
    "n_seeds": 24,
    "metrics": {
      "episode_reward_mean": {
        "mean": -3.0580843775379605,
        "std": 2.8042340123781893,
        "ci95": 1.1219272667817348,
        "n": 24
      },
      "trust_stability": {
        "mean": 0.517281975855595,
        "std": 0.045718114369835985,
        "ci95": 0.018291055194022576,
        "n": 24
      },
      "deception_rate": {
        "mean": 0.7808501683501684,
        "std": 0.16786911895715842,
        "ci95": 0.06716163521921609,
        "n": 24
      },
      "deception_detection_rate": {
        "mean": 0.10682870370370372,
        "std": 0.15426043665809444,
        "ci95": 0.06171702836083856,
        "n": 24
      },
      "fairness": {
        "mean": 0.44902250676922945,
        "std": 0.0744236638841834,
        "ci95": 0.029775666879759514,
        "n": 24
      },
      "efficiency": {
        "mean": 0.9281428278983163,
        "std": 0.10344496732865884,
        "ci95": 0.04138660644763484,
        "n": 24
      },
      "long_term_payoff": {
        "mean": -2.246000404165533,
        "std": 2.2588010414359423,
        "ci95": 0.9037086303909326,
        "n": 24
      },
      "detection_precision": {
        "mean": 0.39166666666666666,
        "std": 0.4880454956221822,
        "ci95": 0.19525886447121774,
        "n": 24
      },
      "detection_recall": {
        "mean": 0.171875,
        "std": 0.27115574454901814,
        "ci95": 0.10848489177836076,
        "n": 24
      },
      "detection_f1": {
        "mean": 0.2189544252044252,
        "std": 0.31150605222242095,
        "ci95": 0.1246283770231712,
        "n": 24
      },
      "total_lies": {
        "mean": 5.291666666666667,
        "std": 1.6279933411536363,
        "ci95": 0.6513329884442741,
        "n": 24
      },
      "total_successful_deceptions": {
        "mean": 0.0,
        "std": 0.0,
        "ci95": 0.0,
        "n": 24
      },
      "steps": {
        "mean": 6.791666666666667,
        "std": 1.5597983890531346,
        "ci95": 0.6240493252832452,
        "n": 24
      }
    }
  },
  "no_trust_updates": {
    "n_seeds": 24,
    "metrics": {
      "episode_reward_mean": {
        "mean": -2.991539886214652,
        "std": 3.192391076693555,
        "ci95": 1.27722243556119,
        "n": 24
      },
      "trust_stability": {
        "mean": 0.4656666666666667,
        "std": 0.026273919398896513,
        "ci95": 0.010511757024817133,
        "n": 24
      },
      "deception_rate": {
        "mean": 0.7530970187220186,
        "std": 0.15932153847446387,
        "ci95": 0.06374189080194702,
        "n": 24
      },
      "deception_detection_rate": {
        "mean": 0.06349657287157287,
        "std": 0.10779628235729498,
        "ci95": 0.043127495030911046,
        "n": 24
      },
      "fairness": {
        "mean": 0.4575370712399242,
        "std": 0.10710447543228227,
        "ci95": 0.04285071461633289,
        "n": 24
      },
      "efficiency": {
        "mean": 0.9164104415938717,
        "std": 0.16703605750919137,
        "ci95": 0.06682834122547188,
        "n": 24
      },
      "long_term_payoff": {
        "mean": -2.2123183421234804,
        "std": 2.5681454062723112,
        "ci95": 1.0274721523378283,
        "n": 24
      },
      "detection_precision": {
        "mean": 0.234375,
        "std": 0.3914107435534724,
        "ci95": 0.15659691158639671,
        "n": 24
      },
      "detection_recall": {
        "mean": 0.1519164862914863,
        "std": 0.2895875885711402,
        "ci95": 0.1158591652142461,
        "n": 24
      },
      "detection_f1": {
        "mean": 0.16165275947884641,
        "std": 0.2884324715690585,
        "ci95": 0.11539702216368822,
        "n": 24
      },
      "total_lies": {
        "mean": 4.833333333333333,
        "std": 1.857222485950146,
        "ci95": 0.7430437468021891,
        "n": 24
      },
      "total_successful_deceptions": {
        "mean": 0.0,
        "std": 0.0,